<?xml version="1.0" encoding="utf-8"?>
<rss version="2.0"><channel><title>タイトル</title><link>http://test.example.com</link><description>BlueImpulseのスケジュールです</description><language>ja</language><lastBuildDate>Thu, 31 Aug 2017 07:17:54 +0900</lastBuildDate><item><title>熊本復興飛翔祭</title><link></link><description>2017-04-23 00:00:00 熊本県　熊本市</description><pubDate>Thu, 31 Aug 2017 07:17:54 +0900</pubDate><guid isPermaLink="false"></guid></item><item><title>八戸市制施行８８周年記念行事</title><link></link><description>2017-05-01 00:00:00 青森県　八戸市</description><pubDate>Thu, 31 Aug 2017 07:17:54 +0900</pubDate><guid isPermaLink="false"></guid></item><item><title>岩国フレンドシップディ</title><link></link><description>2017-05-05 00:00:00 山口県　岩国市</description><pubDate>Thu, 31 Aug 2017 07:17:54 +0900</pubDate><guid isPermaLink="false"></guid></item><item><title>平成２９年度静浜基地航空祭</title><link></link><description>2017-05-21 00:00:00 静岡県　静浜基地</description><pubDate>Thu, 31 Aug 2017 07:17:54 +0900</pubDate><guid isPermaLink="false"></guid></item><item><title>美保基地航空祭</title><link></link><description>2017-05-28 00:00:00 鳥取県　美保基地</description><pubDate>Thu, 31 Aug 2017 07:17:54 +0900</pubDate><guid isPermaLink="false"></guid></item><item><title>国宝・彦根城築城４１０年祭</title><link></link><description>2017-06-04 00:00:00 滋賀県　彦根市</description><pubDate>Thu, 31 Aug 2017 07:17:54 +0900</pubDate><guid isPermaLink="false"></guid></item><item><title>平成２９年度千歳基地航空祭</title><link></link><description>2017-07-23 00:00:00 北海道　千歳基地</description><pubDate>Thu, 31 Aug 2017 07:17:54 +0900</pubDate><guid isPermaLink="false"></guid></item><item><title>石巻川開き祭り</title><link></link><description>2017-08-01 00:00:00 宮城県　石巻市</description><pubDate>Thu, 31 Aug 2017 07:17:54 +0900</pubDate><guid isPermaLink="false"></guid></item><item><title>第７０回清水みなと祭り</title><link></link><description>2017-08-06 00:00:00 静岡県　静岡市</description><pubDate>Thu, 31 Aug 2017 07:17:54 +0900</pubDate><guid isPermaLink="false"></guid></item><item><title>東松島夏まつり</title><link></link><description>2017-08-26 00:00:00 宮城県　東松島市</description><pubDate>Thu, 31 Aug 2017 07:17:54 +0900</pubDate><guid isPermaLink="false"></guid></item><item><title>松島基地航空祭</title><link></link><description>2017-08-27 00:00:00 宮城県　松島基地</description><pubDate>Thu, 31 Aug 2017 07:17:54 +0900</pubDate><guid isPermaLink="false"></guid></item><item><title>平成２９年度三沢基地航空祭</title><link></link><description>2017-09-10 00:00:00 青森県　三沢基地</description><pubDate>Thu, 31 Aug 2017 07:17:54 +0900</pubDate><guid isPermaLink="false"></guid></item><item><title>八王子市市制１００周年記念行事</title><link></link><description>2017-09-16 00:00:00 東京都　八王子市</description><pubDate>Thu, 31 Aug 2017 07:17:54 +0900</pubDate><guid isPermaLink="false"></guid></item><item><title>第７２回国民体育大会「愛顔(えがお)つなぐえひめ国体」総合開会式</title><link></link><description>2017-09-30 00:00:00 愛媛県　松山市</description><pubDate>Thu, 31 Aug 2017 07:17:54 +0900</pubDate><guid isPermaLink="false"></guid></item><item><title>エア・フェスタ浜松２０１７</title><link></link><description>2017-10-15 00:00:00 静岡県　浜松基地</description><pubDate>Thu, 31 Aug 2017 07:17:54 +0900</pubDate><guid isPermaLink="false"></guid></item><item><title>平成２９年度航空観閲式事前公開</title><link></link><description>2017-10-22 00:00:00 茨城県　百里基地</description><pubDate>Thu, 31 Aug 2017 07:17:54 +0900</pubDate><guid isPermaLink="false"></guid></item><item><title>平成２９年度航空観閲式</title><link></link><description>2017-10-29 00:00:00 茨城県　百里基地</description><pubDate>Thu, 31 Aug 2017 07:17:54 +0900</pubDate><guid isPermaLink="false"></guid></item><item><title>入間航空祭</title><link></link><description>2017-11-03 00:00:00 埼玉県　入間基地</description><pubDate>Thu, 31 Aug 2017 07:17:54 +0900</pubDate><guid isPermaLink="false"></guid></item><item><title>平成２９年度岐阜基地航空祭</title><link></link><description>2017-11-19 00:00:00 岐阜県　岐阜基地</description><pubDate>Thu, 31 Aug 2017 07:17:54 +0900</pubDate><guid isPermaLink="false"></guid></item><item><title>築城基地航空祭</title><link></link><description>2017-11-26 00:00:00 福岡県　築城基地</description><pubDate>Thu, 31 Aug 2017 07:17:54 +0900</pubDate><guid isPermaLink="false"></guid></item><item><title>新田原基地エアフェスタ２０１７</title><link></link><description>2017-12-03 00:00:00 宮崎県　新田原基地</description><pubDate>Thu, 31 Aug 2017 07:17:54 +0900</pubDate><guid isPermaLink="false"></guid></item><item><title>平成２９年度芦屋基地航空祭</title><link></link><description>2018-02-18 00:00:00 福岡県　芦屋基地</description><pubDate>Thu, 31 Aug 2017 07:17:54 +0900</pubDate><guid isPermaLink="false"></guid></item></channel></rss>